timestamp(ms),SignalStdIFR,Count, SignalACIFR, SignalACIFRNAOFILT,SignalS> SignalACIFRNAOFILT,
"1713734871.738",,,,,"2237",
"1713735079.692",,,"2350",,,
"1713735079.697",,,"2352",,,
"1713735079.702",,,"2353",,,
"1713735079.709",,,"2354",,,
"1713735079.713",,,"2356",,,
"1713735079.72",,,"2357",,,
"1713735079.725","14.92","97",,,,
"1713735079.726",,,"2359",,,
"1713735079.73","15.08","98",,,,
"1713735079.731",,,"2361",,,
"1713735079.736","15.14","99","2361",,,
"1713735079.742","14","100","2361",,,
"1713735079.748","12.94","101",,,,
"1713735079.749",,,"2363",,,
"1713735079.753","12.68","102","2363",,,
"1713735079.759","12.54","103","2364",,,
"1713735079.765","12.87",,,,,
"1713735079.766",,"104","2365",,,
"1713735079.77","12.89",,,,,
"1713735079.771",,"105","2365",,,
"1713735079.776","13",,,,,
"1713735079.777",,"106","2366",,,
"1713735079.783","13.09","107","2367",,,
"1713735079.787","13.04","108",,,,
"1713735079.788",,,"2366",,,
"1713735079.793","13.09","109","2367","2344",,
"1713735079.799","13.35",,,"2349",,
"1713735079.8",,"110","2367",,,
"1713735079.804",,,,"2345",,
"1713735079.805","13.34","111","2367",,,
"1713735079.81","13.39",,,"2344",,
"1713735079.811",,"112","2368",,,
"1713735079.816","13.71","113",,"2346",,
"1713735079.817",,,"2369",,,
"1713735079.821",,,,"2332",,
"1713735079.822","13.75","114","2368",,,
"1713735079.827",,,,"2331",,
"1713735079.828","13.88","115","2369",,,
"1713735079.833","14.25","116",,"2329",,
"1713735079.834",,,"2370",,,
"1713735079.84","14.37","117","2369","2317",,
"1713735079.844",,,,"2315",,
"1713735079.845","14.42","118","2371",,,
"1713735079.85","14.61","119",,"2315",,
"1713735079.851",,,"2371",,,
"1713735079.857","14.64","120","2371","2313",,
"1713735079.861",,,,"2312",,
"1713735079.862","14.76","121","2373",,,
"1713735079.867","14.89",,,"2303",,
"1713735079.868",,"122","2373",,,
"1713735079.873",,,,"2301",,
"1713735079.874","14.81",,,,,
"1713735079.875",,"123","2373",,,
"1713735079.879","14.65","124","2374","2303",,
"1713735079.884",,,,"2301",,
"1713735079.885","14.54","125","2374",,,
"1713735079.89","14.35","126",,"2301",,
"1713735079.891",,,"2373",,,
"1713735079.896","14.14","127","2375","2311",,
"1713735079.902","14.13","128","2375","2301",,
"1713735079.907",,,,"2313",,
"1713735079.908","13.85","129",,,,
"1713735079.909",,,"2375",,,
"1713735079.913","13.82","130","2376","2314",,
"1713735079.919","13.8","131","2376","2303",,
"1713735079.924","13.5","132",,"2314",,
"1713735079.925",,,"2376",,,
"1713735079.931","13.45","133","2377","2319",,
"1713735079.936","13.45","134","2376","2313",,
"1713735079.941",,,,"2315",,
"1713735079.942","13.32","135","2376",,,
"1713735079.948","13.26","136","2378","2328",,
"1713735079.953","13.31","137","2377","2314",,
"1713735079.959","13.17","138","2378","2317",,
"1713735079.964",,,,"2330",,
"1713735079.965","13.12","139","2378",,,
"1713735079.97","13.09","140","2377","2317",,
"1713735079.976","12.87","141","2377","2326",,
"1713735079.981","12.9",,,"2331",,
"1713735079.983",,"142","2377",,,
"1713735079.987","12.86","143","2376","2318",,
"1713735079.993","12.62","144","2376","2327",,
"1713735079.998",,,,"2334",,
"1713735079.999","12.62","145","2376",,,
"1713735080.004","12.58","146","2374","2329",,
"1713735080.01","12.5","147","2373","2328",,
"1713735080.016","12.4","148","2371","2333",,
"1713735080.022","12.42","149","2368","2329",,
"1713735080.027","12.4","150","2365","2330",,
"1713735080.033","12.38","151","2363","2333",,
"1713735080.039","12.6","152","2358","2329",,
"1713735080.044",,,,"2328",,
"1713735080.045","12.83","153","2356",,,
"1713735080.05","12.84","154","2352","2329",,
"1713735080.056","13.1",,,"2328",,
"1713735080.057",,"155","2347",,,
"1713735080.062","13.3","156","2344","2330",,
"1713735080.067","13.51","157","2341","2330",,
"1713735080.073","13.81",,,"2331",,
"1713735080.074",,"158","2337",,,
"1713735080.079","14.09","159","2336","2332",,
"1713735080.085","14.32","160","2334","2331",,
"1713735080.091","14.55","161","2332","2331",,
"1713735080.096","14.69","162","2332","2335",,
"1713735080.102","14.77","163",,"2330",,
"1713735080.103",,,"2332",,,
"1713735080.107",,,,"2332",,
"1713735080.108","14.81","164","2333",,,
"1713735080.114","14.82","165","2334","2333",,
"1713735080.119","14.86","166","2336","2329",,
"1713735080.124",,,,"2329",,
"1713735080.125","14.85","167","2337",,,
"1713735080.131","14.81","168","2340","2332",,
"1713735080.136","14.8","169",,"2328",,
"1713735080.137",,,"2341",,,
"1713735080.142","14.76","170","2344","2330",,
"1713735080.147",,,,"2343",,
"1713735080.148","14.7","171",,,,
"1713735080.149",,,"2347",,,
"1713735080.153","14.74","172",,"2329",,
"1713735080.154",,,"2349",,,
"1713735080.159","14.69","173","2351","2329",,
"1713735080.164",,,,"2334",,
"1713735080.165","14.64",,,,,
"1713735080.167",,"174","2353",,,
"1713735080.17","14.61",,,"2329",,
"1713735080.171",,"175","2355",,,
"1713735080.176","14.54","176","2356","2329",,
"1713735080.181",,,,"2342",,
"1713735080.182","14.57","177",,,,
"1713735080.183",,,"2359",,,
"1713735080.187","14.58","178",,"2328",,
"1713735080.188",,,"2360",,,
"1713735080.193","14.49","179","2362","2329",,
"1713735080.199","14.49","180","2362","2332",,
"1713735080.205","14.44",,,"2328",,
"1713735080.206",,"181","2363",,,
"1713735080.21","14.35","182",,"2329",,
"1713735080.211",,,"2364",,,
"1713735080.216","14.36",,,"2335",,
"1713735080.22",,"183",,,,
"1713735080.222",,,"2366",,,
"1713735080.236","14.34",,,"2330",,
"1713735080.237",,"184",,,,
"1713735080.238",,,"2366",,,
"1713735080.241","14.27",,,"2332",,
"1713735080.242","14.32","186","2367","2334",,
"1713735080.243","14.27","187","2368","2333",,
"1713735080.244",,,"2367",,,
"1713735080.245","14.23",,,"2335",,
"1713735080.246",,"188","2369",,,
"1713735080.25","14.3",,,"2344",,
"1713735080.251",,"189","2370",,,
"1713735080.259","14.36","190","2371","2334",,
"1713735080.262","14.38","191","2373","2344",,
"1713735080.267",,,,"2344",,
"1713735080.268","14.51","192","2375",,,
"1713735080.273","14.57",,,"2344",,
"1713735080.274",,"193","2375",,,
"1713735080.279",,,,"2346",,
"1713735080.28","14.63","194","2376",,,
"1713735080.286",,,,"2344",,
"1713735080.287","14.7","195","2376",,,
"1713735080.29",,,,"2349",,
"1713735080.291","14.7","196","2376",,,
"1713735080.297","14.76","197",,"2349",,
"1713735080.298",,,"2377",,,
"1713735080.301",,,,"2346",,
"1713735080.302","14.82","198","2378",,,
"1713735080.307","14.88",,,"2346",,
"1713735080.308",,"199","2377",,,
"1713735080.314","14.96",,,"2352",,
"1713735080.315",,"200","2378",,,
"1713735080.319","15.01","201",,"2346",,
"1713735080.32",,,"2377",,,
"1713735080.324",,,,"2348",,
"1713735080.325","15.06","202",,,,
"1713735080.326",,,"2377",,,
"1713735080.33",,,,"2359",,
"1713735080.332","15.13","203","2377",,,
"1713735080.336","15.13","204","2377","2346",,
"1713735080.341",,,,"2348",,
"1713735080.342","15.16","205","2377",,,
"1713735080.347","15.23",,,"2351",,
"1713735080.35",,"206","2377",,,
"1713735080.353","15.26","207","2377","2347",,
"1713735080.359","15.26","208","2377","2348",,
"1713735080.364","15.34","209",,"2360",,
"1713735080.365",,,"2377",,,
"1713735080.37","15.3","210","2375","2348",,
"1713735080.376","15.3","211","2375","2349",,
"1713735080.381","15.37","212","2375","2363",,
"1713735080.387","15.3","213",,"2349",,
"1713735080.388",,,"2374",,,
"1713735080.393","15.3","214","2374","2350",,
"1713735080.407",,,,"2363",,
"1713735080.408","15.35","215","2374",,,
"1713735080.409","15.28","216","2373","2350",,
"1713735080.41","15.28","217","2373","2350",,
"1713735080.416","15.35","218","2373","2361",,
"1713735080.421",,,,"2352",,
"1713735080.422","15.3","219","2372",,,
"1713735080.427","15.3","220","2373","2360",,
"1713735080.432",,,,"2362",,
"1713735080.433","15.3","221","2373",,,
"1713735080.438","15.24",,,"2360",,
"1713735080.439",,"222","2371",,,
"1713735080.444","15.2","223","2372","2360",,
"1713735080.45","15.21","224","2372","2361",,
"1713735080.455",,,,"2361",,
"1713735080.456","15.16","225","2371",,,
"1713735080.461","15.11","226","2372","2361",,
"1713735080.467","15.06","227","2372","2362",,
"1713735080.473","15","228","2370","2360",,
"1713735080.479","14.95","229","2371","2361",,
"1713735080.484","14.94","230","2371","2361",,
"1713735080.49","14.88","231","2370","2360",,
"1713735080.496","14.84","232","2372","2362",,
"1713735080.501",,,,"2360",,
"1713735080.502","14.82","233","2372",,,
"1713735080.507","14.81","234","2372","2360",,
"1713735080.513","14.82",,,"2363",,
"1713735080.514",,"235","2373",,,
"1713735080.519","14.79","236","2373","2358",,
"1713735080.524","14.83",,,"2361",,
"1713735080.525",,"237","2374",,,
"1713735080.53","14.84","238","2376","2364",,
"1713735080.536","14.81","239","2376","2350",,
"1713735080.541",,,,"2351",,
"1713735080.542","14.86","240","2376",,,
"1713735080.547",,,,"2362",,
"1713735080.548","14.96","241","2378",,,
"1713735080.553","14.95",,,"2350",,
"1713735080.554",,"242","2378",,,
"1713735080.559","14.99","243","2378","2349",,
"1713735080.564","15.07",,,"2360",,
"1713735080.565",,"244","2378",,,
"1713735080.571","15.06","245","2378","2347",,
"1713735080.576","15.1","246","2378","2347",,
"1713735080.581",,,,"2350",,
"1713735080.582","15.17","247","2378",,,
"1713735080.587","15.17","248",,"2331",,
"1713735080.588",,,"2378",,,
"1713735080.593","15.07","249","2378","2331",,
"1713735080.599","15.04","250","2378","2332",,
"1713735080.604",,,,"2318",,
"1713735080.606","14.98","251","2377",,,
"1713735080.61","14.68","252","2377","2316",,
"1713735080.616","14.37","253","2378","2327",,
"1713735080.621",,,,"2314",,
"1713735080.622","14.21",,,,,
"1713735080.623",,"254","2377",,,
"1713735080.628","13.76",,,"2316",,
"1713735080.629",,"255","2378",,,
"1713735080.633","13.37",,,"2316",,
"1713735080.634",,"256","2378",,,
"1713735080.639","12.93","257","2378","2312",,
"1713735080.644",,,,"2313",,
"1713735080.645","12.31","258","2378",,,
"1713735080.65","11.71",,,"2315",,
"1713735080.651",,"259","2378",,,
"1713735080.656","11.09","260","2378","2315",,
"1713735080.662",,,,"2319",,
"1713735080.663","10.41","261","2378",,,
"1713735080.667","9.84",,,"2326",,
"1713735080.668",,"262",,,,
"1713735080.673","9.73","0",,"2326",,
"1713735080.679","10.93","0","2372","2330",,
"1713735080.684",,,,"2328",,
"1713735080.685","11.95","1","2366",,,
"1713735080.69","12.2","2","2363","2331",,
"1713735080.696","12.02","3","2361","2334",,
"1713735080.702",,,,"2334",,
"1713735080.703","11.88","4","2361",,,
"1713735080.707","11.75",,,"2333",,
"1713735080.708",,"5","2361",,,
"1713735080.713","11.77",,,"2346",,
"1713735080.714",,"6","2363",,,
"1713735080.719",,,,"2333",,
"1713735080.72","11.92","7","2365",,,
"1713735080.724",,,,"2335",,
"1713735080.725","11.89","8","2366",,,
"1713735080.73","11.95","9",,"2350",,
"1713735080.731",,,"2368",,,
"1713735080.736","12.09","10","2375","2344",,
"1713735080.741",,,,"2345",,
"1713735080.742","12.2","11","2383",,,
"1713735080.747","12.34","12",,"2361",,
"1713735080.748",,,"2388",,,
"1713735080.753","12.47","13","2390","2346",,
"1713735080.759","12.54","14","2392","2345",,
"1713735080.764",,,,"2359",,
"1713735080.765","12.65","15","2393",,,
"1713735080.77","12.67","16","2393","2346",,
"1713735080.777","12.65","17","2393","2347",,
"1713735080.781",,,,"2362",,
"1713735080.782","12.74","18","2393",,,
"1713735080.787","12.75",,,"2350",,
"1713735080.788",,"19","2391",,,
"1713735080.793",,,,"2351",,
"1713735080.794","12.73","20","2390",,,
"1713735080.799","12.72","21","2389","2363",,
"1713735080.804",,,,"2350",,
"1713735080.805","12.74","22","2386",,,
"1713735080.81","12.76","23",,"2351",,
"1713735080.811",,,"2384",,,
"1713735080.817","12.74","24","2381","2364",,
"1713735080.821",,,,"2360",,
"1713735080.822","12.83","25","2378",,,
"1713735080.827",,,,"2361",,
"1713735080.828","13.05","26",,,,
"1713735080.829",,,"2374",,,
"1713735080.833","13.12","27","2370","2366",,
"1713735080.839","13.38","28","2366","2361",,
"1713735080.844",,,,"2360",,
"1713735080.845","13.67","29","2362",,,
"1713735080.851","13.89","30","2359","2362",,
"1713735080.856","14.16","31","2356","2352",,
"1713735080.861",,,,"2361",,
"1713735080.862","14.43","32","2353",,,
"1713735080.867",,,,"2360",,
"1713735080.868","14.63","33",,,,
"1713735080.869",,,"2351",,,
"1713735080.873","14.87","34","2349","2362",,
"1713735080.879","15.09","35","2348","2363",,
"1713735080.884",,,,"2361",,
"1713735080.885","15.23","36","2347",,,
"1713735080.89","15.39","37","2347","2360",,
"1713735080.896","15.53","38","2348","2363",,
"1713735080.902","15.66","39",,"2359",,
"1713735080.903",,,"2348",,,
"1713735080.907","15.79","40",,"2359",,
"1713735080.908",,,"2348",,,
"1713735080.913","15.81","41","2350","2363",,
"1713735080.918",,,,"2359",,
"1713735080.919","15.91","42","2350",,,
"1713735080.925","15.92","43",,"2350",,
"1713735080.926",,,"2351",,,
"1713735080.93","15.93","44",,"2364",,
"1713735080.931",,,"2353",,,
"1713735080.936","15.91","45","2354","2350",,
"1713735080.941",,,,"2351",,
"1713735080.943","15.93","46","2355",,,
"1713735080.947","15.93",,,"2363",,
"1713735080.948",,"47","2357",,,
"1713735080.953","15.92","48","2358","2348",,
"1713735080.959","15.93",,,"2349",,
"1713735080.96",,"49",,,,
"1713735080.961",,,"2360",,,
"1713735080.964",,,,"2361",,
"1713735080.965","15.94","50","2362",,,
"1713735080.97","15.93","51",,"2349",,
"1713735080.971",,,"2363",,,
"1713735080.976","15.93","52","2364","2350",,
"1713735080.981",,,,"2363",,
"1713735080.982","15.95","53","2366",,,
"1713735080.987","15.93","54",,"2349",,
"1713735080.988",,,"2366",,,
"1713735080.993","15.93","55","2368","2349",,
"1713735080.999",,,,"2360",,
"1713735081","15.94","56","2369",,,
"1713735081.004",,,,"2348",,
"1713735081.005","15.93","57","2369",,,
"1713735081.01","15.93","58","2371","2351",,
"1713735081.017","15.96","59","2372","2362",,
"1713735081.021",,,,"2348",,
"1713735081.022","15.94","60","2372",,,
"1713735081.027","15.95",,,"2349",,
"1713735081.028",,"61","2374",,,
"1713735081.033",,,,"2352",,
"1713735081.035","15.99","62","2375",,,
"1713735081.039","16.01","63","2375","2351",,
"1713735081.044","16.02",,,"2350",,
"1713735081.045",,"64","2376",,,
"1713735081.05","16.06","65",,"2359",,
"1713735081.051",,,"2377",,,
"1713735081.056","16.07","66","2377","2350",,
"1713735081.061",,,,"2352",,
"1713735081.062","16.08","67","2378",,,
"1713735081.067","16.11",,,"2360",,
"1713735081.068",,"68","2378",,,
"1713735081.074","16.12","69","2377","2359",,
"1713735081.079","16.12","70","2378","2361",,
"1713735081.084",,,,"2360",,
"1713735081.085","16.13","71","2378",,,
"1713735081.091","16.15","72","2377","2362",,
"1713735081.096",,,,"2363",,
"1713735081.097","16.16","73","2378",,,
"1713735081.102","16.15","74","2377","2361",,
"1713735081.107",,,,"2360",,
"1713735081.108","16.15","75",,,,
"1713735081.109",,,"2377",,,
"1713735081.113","16.16","76","2378","2365",,
"1713735081.118",,,,"2361",,
"1713735081.119","16.14","77","2378",,,
"1713735081.124","16.13",,,"2359",,
"1713735081.125",,"78",,,,
"1713735081.126",,,"2378",,,
"1713735081.13","16.15","79","2378","2364",,
"1713735081.136","16.13","80","2378","2359",,
"1713735081.141",,,,"2359",,
"1713735081.142","16.13","81","2378",,,
"1713735081.148","16.16","82","2378","2363",,
"1713735081.153","16.15","83","2378","2350",,
"1713735081.159","16.14","84","2378","2352",,
"1713735081.165",,,,"2364",,
"1713735081.166","16.17","85","2378",,,
"1713735081.17","16.14","86","2377","2360",,
"1713735081.176","16.13","87","2376","2359",,
"1713735081.181",,,,"2366",,
"1713735081.182","16.15",,,,,
"1713735081.183",,"88","2376",,,
"1713735081.187","16.11","89","2375","2361",,
"1713735081.193","16.1","90","2375","2360",,
"1713735081.199","16.12","91","2375","2365",,
"1713735081.204",,,,"2363",,
"1713735081.205","16.09","92","2373",,,
"1713735081.21","16.06","93","2374","2360",,
"1713735081.216","16.08","94","2374","2364",,
"1713735081.221",,,,"2360",,
"1713735081.222","16.04","95","2372",,,
"1713735081.227","16.03",,,"2359",,
"1713735081.228",,"96","2373",,,
"1713735081.233","16.04","97","2374","2363",,
"1713735081.239",,,,"2330",,
"1713735081.24","16.01","98","2373",,,
"1713735081.244","15.85",,,"2297",,
"1713735081.245",,"99","2374",,,
"1713735081.25","14.83","100","2374","2300",,
"1713735081.256",,,,"2318",,
"1713735081.257","13.82","101","2373",,,
"1713735081.261",,,,"2345",,
"1713735081.262","13.33","102","2374",,,
"1713735081.267","13.32","103",,"2361",,
"1713735081.268",,,"2374",,,
"1713735081.273","13.31","104","2374","2365",,
"1713735081.279","13.29","105","2375","2377",,
"1713735081.284",,,,"2376",,
"1713735081.285","13.12","106","2375",,,
"1713735081.29",,,,"2376",,
"1713735081.291","12.97","107",,,,
"1713735081.293",,,"2375",,,
"1713735081.296","12.82","108","2377","2380",,
"1713735081.301",,,,"2375",,
"1713735081.302","12.59","109","2377",,,
"1713735081.307","12.45","110","2377","2377",,
"1713735081.314","12.3","111","2379","2379",,
"1713735081.318",,,,"2375",,
"1713735081.319","12.07","112","2379",,,
"1713735081.324",,,,"2375",,
"1713735081.325","11.93","113","2379",,,
"1713735081.331","11.8","114","2381","2378",,
"1713735081.336","11.58","115","2381","2366",,
"1713735081.341",,,,"2367",,
"1713735081.342","11.56","116","2381",,,
"1713735081.347",,,,"2377",,
"1713735081.369","11.54","117",,,,
"1713735081.37","11.33","118","2382","2363",,
"1713735081.371","11.32","119","2382","2363",,
"1713735081.372","11.48","120","2383","2365",,
"1713735081.375",,,,"2351",,
"1713735081.376","11.44","121","2382",,,
"1713735081.378",,,,"2347",,
"1713735081.379","11.46","122","2382",,,
"1713735081.382","11.51",,,"2360",,
"1713735081.383",,"123",,,,
"1713735081.384",,,"2382",,,
"1713735081.387","11.51",,,"2342",,
"1713735081.388",,"124","2381",,,
"1713735081.393","11.48","125",,"2334",,
"1713735081.394",,,"2381",,,
"1713735081.399","11.36","126","2381","2345",,
"1713735081.406","11.34","127",,"2330",,
"1713735081.407",,,"2379",,,
"1713735081.41",,,,"2329",,
"1713735081.411","11.1","128",,,,
"1713735081.412",,,"2379",,,
"1713735081.416","10.96","129",,"2332",,
"1713735081.417",,,"2380",,,
"1713735081.423","10.73","130","2379","2329",,
"1713735081.427","10.41",,,"2328",,
"1713735081.428",,"131","2379",,,
"1713735081.433","10.09","132",,"2332",,
"1713735081.434",,,"2379",,,
"1713735081.439",,,,"2329",,
"1713735081.44","9.81","133",,,,
"1713735081.444","9.75",,,"2329",,
"1713735081.445",,"0",,,,
"1713735081.451",,,,"2333",,
"1713735081.452","10.36","0","2373",,,
"1713735081.458","11.55",,,"2332",,
"1713735081.459",,"1","2367",,,
"1713735081.462","11.89","2","2364","2333",,
"1713735081.467","11.7","3","2362","2333",,
"1713735081.473","11.48","4","2362","2333",,
"1713735081.478",,,,"2344",,
"1713735081.48","11.27","5","2363",,,
"1713735081.485","11.36","6","2364","2334",,
"1713735081.49","11.31","7","2366","2345",,
"1713735081.495","11.42","8",,"2347",,
"1713735081.496",,,"2367",,,
"1713735081.501","11.53","9","2369","2345",,
"1713735081.507","11.6","10","2376","2345",,
"1713735081.513","11.69","11","2384","2350",,
"1713735081.519","11.78","12","2389","2345",,
"1713735081.524","11.81","13","2392","2347",,
"1713735081.53","11.9","14","2393","2360",,
"1713735081.535",,,,"2347",,
"1713735081.536","11.92","15","2393",,,
"1713735081.541","11.87","16","2392","2348",,
"1713735081.547","11.97","17","2393","2362",,
"1713735081.552",,,,"2348",,
"1713735081.553","11.98","18","2391",,,
"1713735081.558","11.92","19","2390","2350",,
"1713735081.564","12","20","2390","2361",,
"1713735081.569",,,,"2349",,
"1713735081.57","12","21","2388",,,
"1713735081.575","11.95",,,"2350",,
"1713735081.576",,"22","2387",,,
"1713735081.581","12","23","2387","2364",,
"1713735081.587","12","24","2385","2351",,
"1713735081.593","11.95","25","2384","2360",,
"1713735081.598","12.05","26",,"2365",,
"1713735081.599",,,"2384",,,
"1713735081.604","12.04","27","2382","2361",,
"1713735081.61","12.04","28","2382","2360",,
"1713735081.615",,,,"2366",,
"1713735081.616","12.04","29","2382",,,
"1713735081.621","12.11","30","2379","2360",,
"1713735081.627","12.2","31",,"2361",,
"1713735081.628",,,"2377",,,
"1713735081.633","12.27","32","2375","2364",,
"1713735081.638",,,,"2361",,
"1713735081.639","12.57","33","2371",,,
"1713735081.644","12.98","34",,"2361",,
"1713735081.645",,,"2367",,,
"1713735081.65","13.27",,,"2363",,
"1713735081.651",,"35","2364",,,
"1713735081.656","13.84","36","2359","2364",,
"1713735081.661",,,,"2364",,
"1713735081.662","14.4","37",,,,
"1713735081.663",,,"2356",,,
"1713735081.667","14.72","38","2353","2361",,
"1713735081.673","15.28","39","2348","2361",,
"1713735081.679","15.59","40","2346","2362",,
"1713735081.685","15.86","41",,"2360",,
"1713735081.686",,,"2344",,,
"1713735081.691","16.14","42",,"2360",,
"1713735081.692",,,"2342",,,
"1713735081.696","16.38","43","2342","2363",,
"1713735081.701",,,,"2360",,
"1713735081.702","16.58",,,,,
"1713735081.703",,"44","2342",,,
"1713735081.707","16.8",,,"2360",,
"1713735081.708",,"45","2342",,,
"1713735081.713","16.95","46","2344","2365",,
"1713735081.718",,,,"2359",,
"1713735081.719","17.09",,,,,
"1713735081.72",,"47","2344",,,
"1713735081.724","17.27",,,"2351",,
"1713735081.725",,"48","2344",,,
"1713735081.73","17.29",,,"2363",,
"1713735081.731",,"49","2347",,,
"1713735081.736","17.32","50","2349","2350",,
"1713735081.741",,,,"2350",,
"1713735081.742","17.35","51","2350",,,
"1713735081.747","17.35","52",,"2363",,
"1713735081.748",,,"2353",,,
"1713735081.753","17.35","53","2354","2349",,
"1713735081.764",,,,"2349",,
"1713735081.765","17.37","55","2359","2364",,
"1713735081.77","17.35","56","2360","2349",,
"1713735081.776","17.35","57","2362","2350",,
"1713735081.781","17.36",,,"2363",,
"1713735081.782",,"58","2365",,,
"1713735081.787","17.35","59",,"2350",,
"1713735081.788",,,"2366",,,
"1713735081.793","17.35",,,"2351",,
"1713735081.794",,"60","2367",,,
"1713735081.798",,,,"2362",,
"1713735081.799","17.36","61","2369",,,
"1713735081.804","17.35",,,"2352",,
"1713735081.805",,"62","2370",,,
"1713735081.81","17.35","63","2372","2351",,
"1713735081.816","17.37","64","2373","2362",,
"1713735081.821",,,,"2350",,
"1713735081.822","17.36","65","2373",,,
"1713735081.827",,,,"2359",,
"1713735081.828","17.36","66","2374",,,
"1713735081.834","17.39",,,"2362",,
"1713735081.835",,"67","2376",,,
"1713735081.839","17.38","68","2375","2360",,
"1713735081.844","17.38",,,"2362",,
"1713735081.845",,"69","2377",,,
"1713735081.85","17.39","70","2377","2361",,
"1713735081.856","17.39","71","2377","2362",,
"1713735081.861",,,,"2364",,
"1713735081.862","17.39","72","2377",,,
"1713735081.867","17.4",,,"2363",,
"1713735081.869",,"73","2378",,,
"1713735081.873","17.4","74","2378","2363",,
"1713735081.878",,,,"2366",,
"1713735081.879","17.39","75","2378",,,
"1713735081.884",,,,"2363",,
"1713735081.885","17.38","76","2379",,,
"1713735081.89","17.38","77",,"2364",,
"1713735081.891",,,"2379",,,
"1713735081.896","17.38","78","2379","2366",,
"1713735081.901",,,,"2362",,
"1713735081.902","17.38","79","2380",,,
"1713735081.908","17.39","80","2379","2364",,
"1713735081.913","17.39","81","2381","2366",,
"1713735081.918",,,,"2362",,
"1713735081.919","17.39","82","2381",,,
"1713735081.924",,,,"2361",,
"1713735081.925","17.4","83","2381",,,
"1713735081.93","17.43","84","2382","2375",,
"1713735081.935","17.35",,,"2360",,
"1713735081.936",,"85","2382",,,
"1713735081.942",,,,"2360",,
"1713735081.943","17.36","86","2382",,,
"1713735081.947","17.39","87","2382","2366",,
"1713735081.952","17.38",,,"2361",,
"1713735081.953",,"88","2382",,,
"1713735081.958","17.39","89",,"2361",,
"1713735081.959",,,"2382",,,
"1713735081.964","17.42","90","2382","2366",,
"1713735081.97","17.4","91","2381","2360",,
"1713735081.975","17.4","92",,"2362",,
"1713735081.976",,,"2381",,,
"1713735081.981",,,,"2374",,
"1713735081.982","17.42","93","2382",,,
"1713735081.987","17.33","94","2381","2361",,
"1713735081.993","17.33","95",,"2361",,
"1713735081.994",,,"2381",,,
"1713735081.999","17.36","96","2381","2367",,
"1713735082.004","17.33","97","2381","2362",,
"1713735082.01","17.33","98","2380","2331",,
"1713735082.015",,,,"2312",,
"1713735082.016","17.29","99",,,,
"1713735082.017",,,"2382",,,
"1713735082.021","16.75","100",,"2300",,
"1713735082.022",,,"2381",,,
"1713735082.027","15.79","101","2382","2319",,
"1713735082.033","15.45","102",,"2347",,
"1713735082.034",,,"2383",,,
"1713735082.039","15.44","103","2382","2360",,
"1713735082.044","15.45",,,"2365",,
"1713735082.045",,"104","2383",,,
"1713735082.05","15.53","105","2384","2376",,
"1713735082.056","15.43","106",,"2377",,
"1713735082.057",,,"2384",,,
"1713735082.061",,,,"2378",,
"1713735082.062","15.32","107","2384",,,
"1713735082.067","15.29","108","2386","2377",,
"1713735082.074","15.18","109","2384","2376",,
"1713735082.079","15.09","110","2386","2378",,
"1713735082.084","15.07",,,"2376",,
"1713735082.085",,"111","2387",,,
"1713735082.091",,,,"2375",,
"1713735082.092","14.97","112",,,,
"1713735082.093",,,"2386",,,
"1713735082.096","14.88","113","2387","2378",,
"1713735082.101",,,,"2367",,
"1713735082.102","14.84","114","2387",,,
"1713735082.107",,,,"2366",,
"1713735082.108","14.84","115",,,,
"1713735082.109",,,"2386",,,
"1713735082.113","14.84","116","2388","2379",,
"1713735082.118",,,,"2365",,
"1713735082.119","14.7","117","2389",,,
"1713735082.124","14.78",,,"2365",,
"1713735082.125",,"118",,,,
"1713735082.126",,,"2388",,,
"1713735082.13","14.9","119","2389","2377",,
"1713735082.136","14.88","120","2388","2365",,
"1713735082.141",,,,"2362",,
"1713735082.142","14.88","121",,,,
"1713735082.143",,,"2387",,,
"1713735082.147","15.01","122",,"2376",,
"1713735082.148",,,"2388",,,
"1713735082.153","14.91","123","2387","2362",,
"1713735082.159","14.93","124","2386","2362",,
"1713735082.165","15.06","125","2387","2376",,
"1713735082.17","14.96","126",,"2362",,
"1713735082.171",,,"2386",,,
"1713735082.176","14.97","127","2385","2360",,
"1713735082.181",,,,"2363",,
"1713735082.183","15.12","128","2386",,,
"1713735082.187","15.12","129","2385","2347",,
"1713735082.193","15.09","130","2386","2346",,
"1713735082.198",,,,"2348",,
"1713735082.2","15.17","131","2387",,,
"1713735082.204","15.15",,,"2333",,
"1713735082.205",,"132","2386",,,
"1713735082.21","14.96","133","2386","2328",,
"1713735082.216","14.77","134","2387","2332",,
"1713735082.221",,,,"2320",,
"1713735082.222","14.54","135","2385",,,
"1713735082.228","14.02","136","2386","2319",,
"1713735082.233","13.55","137",,"2328",,
"1713735082.234",,,"2387",,,
"1713735082.238",,,,"2317",,
"1713735082.239","13.17","138","2386",,,
"1713735082.244","12.44",,,"2327",,
"1713735082.245",,"139","2386",,,
"1713735082.25","12.04",,,"2328",,
"1713735082.251",,"140","2386",,,
"1713735082.256",,,,"2327",,
"1713735082.257","11.58","141","2385",,,
"1713735082.261",,,,"2329",,
"1713735082.262","11.05","142","2385",,,
"1713735082.267","10.64","143","2385","2330",,
"1713735082.273",,,,"2329",,
"1713735082.274","10.13","144","2384",,,
"1713735082.278","9.55",,,"2333",,
"1713735082.279",,"145",,,,
"1713735082.285","9.29","0",,"2332",,
"1713735082.29","10.72","0",,"2330",,
"1713735082.291",,,"2377",,,
"1713735082.296",,,,"2345",,
"1713735082.297","11.93","1","2371",,,
"1713735082.301","12.32",,,"2343",,
"1713735082.302",,"2","2367",,,
"1713735082.307","12.28","3",,"2344",,
"1713735082.308",,,"2365",,,
"1713735082.313","12.14","4","2364","2348",,
"1713735082.318",,,,"2347",,
"1713735082.319","12.05","5","2363",,,
"1713735082.324",,,,"2345",,
"1713735082.325","11.96","6","2365",,,
"1713735082.33","11.89",,,"2360",,
"1713735082.331",,"7","2366",,,
"1713735082.336","11.96","8","2367","2349",,
"1713735082.341","11.87",,,"2348",,
"1713735082.342",,"9","2368",,,
"1713735082.347","11.85","10",,"2362",,
"1713735082.348",,,"2376",,,
"1713735082.353","11.85",,,"2352",,
"1713735082.354",,"11","2381",,,
"1713735082.358",,,,"2349",,
"1713735082.359","11.79","12","2385",,,
"1713735082.364","11.77",,,"2363",,
"1713735082.365",,"13","2388",,,
"1713735082.371","11.77","14","2388","2352",,
"1713735082.376","11.7","15","2388","2351",,
"1713735082.381",,,,"2364",,
"1713735082.382","11.67","16","2387",,,
"1713735082.387",,,,"2359",,
"1713735082.388","11.68","17",,,,
"1713735082.389",,,"2385",,,
"1713735082.393","11.77","18","2383","2358",,
"1713735082.398",,,,"2365",,
"1713735082.399","11.76","19","2381",,,
"1713735082.404","11.9",,,"2360",,
"1713735082.405",,"20","2378",,,
"1713735082.41","12.24","21","2376","2361",,
"1713735082.416","12.33","22",,"2364",,
"1713735082.417",,,"2374",,,
"1713735082.421",,,,"2362",,
"1713735082.422","12.76","23","2370",,,
"1713735082.427","13.24",,,"2361",,
"1713735082.428",,"24","2366",,,
"1713735082.433","13.57","25",,"2366",,
"1713735082.434",,,"2363",,,
"1713735082.439","14.01","26","2359","2362",,
"1713735082.445","14.69","27","2356","2361",,
"1713735082.45","15.02","28","2354","2364",,
"1713735082.456","15.66","29","2349","2364",,
"1713735082.461",,,,"2364",,
"1713735082.463","16.22","30","2347",,,
"1713735082.467","16.5","31",,"2366",,
"1713735082.468",,,"2346",,,
"1713735082.473","16.85","32","2343","2363",,
"1713735082.478",,,,"2364",,
"1713735082.479","17.16",,,,,
"1713735082.48",,"33","2343",,,
"1713735082.484","17.4",,,"2366",,
"1713735082.485",,"34","2343",,,
"1713735082.491","17.61","35",,"2364",,
"1713735082.492",,,"2343",,,
"1713735082.496","17.82","36","2343","2367",,
"1713735082.501",,,,"2366",,
"1713735082.502","17.97","37","2344",,,
"1713735082.507","18.13","38",,"2363",,
"1713735082.508",,,"2344",,,
"1713735082.513","18.27","39","2347","2367",,
"1713735082.519",,,,"2364",,
"1713735082.52","18.31","40","2349",,,
"1713735082.524","18.34",,,"2363",,
"1713735082.525",,"41","2349",,,
"1713735082.53","18.36","42","2352","2367",,
"1713735082.535",,,,"2362",,
"1713735082.537","18.37","43","2354",,,
"1713735082.541",,,,"2360",,
"1713735082.542","18.4","44","2356",,,
"1713735082.547","18.4","45","2358","2366",,
"1713735082.553",,,,"2361",,
"1713735082.554","18.4",,,,,
"1713735082.555",,"46",,,,
"1713735082.556",,,"2360",,,
"1713735082.558",,,,"2361",,
"1713735082.559","18.42","47","2361",,,
"1713735082.564","18.42","48",,"2367",,
"1713735082.565",,,"2364",,,
"1713735082.57","18.4","49","2365","2362",,
"1713735082.576","18.41","50","2365","2362",,
"1713735082.581",,,,"2376",,
"1713735082.582","18.42","51","2368",,,
"1713735082.587","18.31","52",,"2363",,
"1713735082.588",,,"2368",,,
"1713735082.593",,,,"2362",,
"1713735082.594","18.31","53","2369",,,
"1713735082.598",,,,"2376",,
"1713735082.599","18.32","54","2371",,,
"1713735082.604","18.21",,,"2365",,
"1713735082.605",,"55","2371",,,
"1713735082.61",,,,"2363",,
"1713735082.611","18.19","56","2372",,,
"1713735082.616","18.21","57","2374","2375",,
"1713735082.621",,,,"2364",,
"1713735082.622","18.11","58","2374",,,
"1713735082.627","18.1","59","2376","2364",,
"1713735082.65","18.22",,,"2376",,
"1713735082.651",,"60","2378",,,
"1713735082.657",,,,"2365",,
"1713735082.658","18.11","61","2378","2367",,
"1713735082.659","18.1","62","2380","2376",,
"1713735082.66","18.17","63",,,,
"1713735082.661","18.06",,"2380","2365",,
"1713735082.662",,"64","2380",,,
"1713735082.664","18.04",,,"2366",,
"1713735082.665",,"65","2381",,,
"1713735082.667","18.13",,,"2375",,
"1713735082.668",,"66","2381",,,
"1713735082.673","18.03",,,"2366",,
"1713735082.674",,"67","2380",,,
"1713735082.678",,,,"2367",,
"1713735082.679","18.01","68","2381",,,
"1713735082.684",,,,"2366",,
"1713735082.685","17.99","69",,,,
"1713735082.686",,,"2381",,,
"1713735082.69","17.97",,,"2374",,
"1713735082.691",,"70","2379",,,
"1713735082.696","17.88","71","2379","2377",,
"1713735082.711",,,,"2376",,
"1713735082.715","17.76","72","2379",,,
"1713735082.716","17.65","73","2379","2365",,
"1713735082.725","17.63","74",,"2377",,
"1713735082.726",,,"2379",,,
"1713735082.73","17.5","75","2379","2366",,
"1713735082.731","17.46","77","2378","2377",,
"1713735082.732",,,"2378",,,
"1713735082.735",,,,"2366",,
"1713735082.736","17.32","78","2378",,,
"1713735082.742","17.29","79",,"2364",,
"1713735082.743",,,"2377",,,
"1713735082.747","17.27","80","2377","2378",,
"1713735082.753","17.11","81","2377","2363",,
"1713735082.759","17.09",,,"2363",,
"1713735082.76",,"82","2376",,,
"1713735082.764","17.08","83","2376","2376",,
"1713735082.77","16.94","84","2374","2365",,
"1713735082.775",,,,"2362",,
"1713735082.776","16.9","85",,,,
"1713735082.777",,,"2373",,,
"1713735082.781","16.91","86","2373","2377",,
"1713735082.787","16.74","87","2372","2365",,
"1713735082.793","16.71","88",,"2364",,
"1713735082.794",,,"2371",,,
"1713735082.798","16.71",,,"2378",,
"1713735082.799",,"89","2372",,,
"1713735082.804","16.52","90","2370","2365",,
"1713735082.809","16.47",,,"2361",,
"1713735082.81",,"91","2369",,,
"1713735082.815","16.48","92","2370","2374",,
"1713735082.821","16.34","93","2369","2363",,
"1713735082.828","16.3","94","2369","2362",,
"1713735082.833","16.31","95","2371","2376",,
"1713735082.838","16.13","96","2370","2364",,
"1713735082.844","16.08","97","2371","2363",,
"1713735082.85","16.08","98","2371","2343",,
"1713735082.855",,,,"2301",,
"1713735082.856","16.05","99","2370",,,
"1713735082.861","15.23","100","2371","2301",,
"1713735082.867","14.36","101","2373","2327",,
"1713735082.872","14.14",,,"2346",,
"1713735082.873",,"102","2372",,,
"1713735082.878","14.13","103","2373","2362",,
"1713735082.884","14.14","104",,"2365",,
"1713735082.885",,,"2374",,,
"1713735082.889",,,,"2366",,
"1713735082.89","14.11","105","2374",,,
"1713735082.895",,,,"2376",,
"1713735082.896","14.08","106","2375",,,
"1713735082.904","13.92","107",,"2376",,
"1713735082.905",,,"2376",,,
"1713735082.907","13.75","108",,"2367",,
"1713735082.908",,,"2376",,,
"1713735082.913","13.71","109","2377","2377",,
"1713735082.918","13.53","110",,"2366",,
"1713735082.919",,,"2377",,,
"1713735082.925","13.5","111","2377","2366",,
"1713735082.93","13.49","112","2379","2377",,
"1713735082.935","13.31","113",,"2363",,
"1713735082.936",,,"2379",,,
"1713735082.941","13.3",,,"2362",,
"1713735082.942",,"114","2378",,,
"1713735082.947","13.34","115","2379","2375",,
"1713735082.952",,,,"2360",,
"1713735082.953","13.18","116","2379",,,
"1713735082.958","13.18",,,"2349",,
"1713735082.959",,"117","2379",,,
"1713735082.964","13.25","118","2379","2362",,
"1713735082.97","13.24","119","2379","2346",,
"1713735082.975",,,,"2335",,
"1713735082.976","13.24","120","2379",,,
"1713735082.981","13.18",,,"2349",,
"1713735082.982",,"121","2379",,,
"1713735082.987","13.2","122","2379","2331",,
"1713735082.993","13.04","123","2379","2328",,
"1713735082.999",,,,"2333",,
"1713735083","12.96","124","2379",,,
"1713735083.004","12.81","125",,"2328",,
"1713735083.005",,,"2378",,,
"1713735083.01","12.54","126","2378","2318",,
"1713735083.017","12.06","127","2379","2331",,
"1713735083.021","11.83",,,"2317",,
"1713735083.022",,"128","2378",,,
"1713735083.027","11.19","129","2378","2319",,
"1713735083.033",,,,"2330",,
"1713735083.034","10.77","130","2379",,,
"1713735083.038",,,,"2326",,
"1713735083.039","10.46","131","2379",,,
"1713735083.044","10.01",,,"2327",,
"1713735083.045",,"132","2379",,,
"1713735083.05","9.58","133",,"2331",,
"1713735083.055",,,,"2331",,
"1713735083.056","9.58","0",,,,
"1713735083.061",,,,"2331",,
"1713735083.062","11.01","0","2373",,,
"1713735083.067","11.98",,,"2334",,
"1713735083.068",,"1","2367",,,
"1713735083.073",,,,"2333",,
"1713735083.074","12.38","2","2364",,,
"1713735083.078",,,,"2335",,
"1713735083.079","12.33","3","2363",,,
"1713735083.084","12.15",,,"2343",,
"1713735083.085",,"4","2363",,,
"1713735083.09","12.08","5",,"2345",,
"1713735083.091",,,"2363",,,
"1713735083.096","12.05","6","2363","2348",,
"1713735083.101",,,,"2345",,
"1713735083.102","12.05","7","2363",,,
"1713735083.107","12","8",,"2346",,
"1713735083.108",,,"2363",,,
"1713735083.114","11.98","9","2365","2360",,
"1713735083.118",,,,"2347",,
"1713735083.119","12.01","10","2371",,,
"1713735083.124","12",,,"2346",,
"1713735083.125",,"11","2377",,,
"1713735083.13",,,,"2361",,
"1713735083.131","11.98","12","2381",,,
"1713735083.136","11.99","13","2382","2351",,
"1713735083.141","11.98",,,"2348",,
"1713735083.142",,"14","2382",,,
"1713735083.147",,,,"2363",,
"1713735083.148","11.96",,,,,
"1713735083.149",,"15","2382",,,
"1713735083.153","11.95","16","2382","2351",,
"1713735083.159",,,,"2350",,
"1713735083.16","11.96","17","2381",,,
"1713735083.164","11.93",,,"2364",,
"1713735083.165",,"18","2381",,,
"1713735083.17","11.99","19",,"2352",,
"1713735083.171",,,"2378",,,
"1713735083.176","12.06","20","2376","2360",,
"1713735083.181",,,,"2366",,
"1713735083.182","12.12","21","2373",,,
"1713735083.188","12.44","22","2370","2362",,
"1713735083.193","12.78","23","2366","2360",,
"1713735083.198",,,,"2378",,
"1713735083.199","13.03","24","2363",,,
"1713735083.205","13.47","25","2358","2362",,
"1713735083.21","14.03","26","2354","2362",,
"1713735083.216","14.3","27","2351","2375",,
"1713735083.221","14.76","28","2346","2361",,
"1713735083.227","15.31","29","2344","2361",,
"1713735083.232",,,,"2376",,
"1713735083.233","15.71","30","2341",,,
"1713735083.238","16.04","31",,"2361",,
"1713735083.239",,,"2338",,,
"1713735083.244","16.44","32","2337","2360",,
"1713735083.25","16.62","33","2337","2364",,
"1713735083.256","16.78","34","2336","2361",,
"1713735083.261","16.95","35","2337","2361",,
"1713735083.267","17.06","36","2338","2364",,
"1713735083.272",,,,"2361",,
"1713735083.273","17.17","37","2338",,,
"1713735083.278",,,,"2362",,
"1713735083.279","17.27","38","2340",,,
"1713735083.284","17.32","39","2342","2361",,
"1713735083.29","17.38","40","2343","2360",,
"1713735083.295",,,,"2363",,
"1713735083.296","17.42","41","2346",,,
"1713735083.301","17.39","42","2348","2359",,
"1713735083.307","17.37","43","2350","2350",,
"1713735083.313","17.38",,,"2361",,
"1713735083.314",,"44","2353",,,
"1713735083.318","17.35",,,"2351",,
"1713735083.319",,"45","2355",,,
"1713735083.324","17.35","46",,"2350",,
"1713735083.325",,,"2357",,,
"1713735083.33","17.35","47","2360","2362",,
"1713735083.336","17.31","48","2361","2349",,
"1713735083.341","17.31",,,"2349",,
"1713735083.342",,"49","2363",,,
"1713735083.347","17.31","50","2366","2363",,
"1713735083.353",,,,"2350",,
"1713735083.354","17.26","51","2366",,,
"1713735083.358",,,,"2348",,
"1713735083.359","17.26","52","2368",,,
"1713735083.364","17.31","53",,"2364",,
"1713735083.365",,,"2369",,,
"1713735083.37",,,,"2349",,
"1713735083.371","17.28","54","2370",,,
"1713735083.376","17.3","55","2372","2349",,
"1713735083.381",,,,"2362",,
"1713735083.382","17.37","56","2373",,,
"1713735083.387","17.33",,,"2351",,
"1713735083.388",,"57","2374",,,
"1713735083.393","17.36","58","2375","2350",,
"1713735083.398",,,,"2363",,
"1713735083.399","17.44","59","2377",,,
"1713735083.404","17.43","60",,"2350",,
"1713735083.406",,,"2377",,,
"1713735083.41","17.47","61","2378","2349",,
"1713735083.416","17.62","62","2379","2362",,
"1713735083.421",,,,"2351",,
"1713735083.422","17.63","63","2379",,,
"1713735083.428","17.66","64","2379","2350",,
"1713735083.433","17.73","65","2380","2362",,
"1713735083.438",,,,"2359",,
"1713735083.439","17.72","66","2380",,,
"1713735083.444",,,,"2360",,
"1713735083.445","17.73","67",,,,
"1713735083.446",,,"2380",,,
"1713735083.45","17.75","68","2380","2363",,
"1713735083.456","17.73","69","2380","2361",,
"1713735083.461",,,,"2362",,
"1713735083.462","17.73",,,,,
"1713735083.463",,"70","2380",,,
"1713735083.467","17.75","71",,"2362",,
"1713735083.468",,,"2380",,,
"1713735083.473","17.73","72",,"2359",,
"1713735083.474",,,"2379",,,
"1713735083.479",,,,"2363",,
"1713735083.48","17.74","73","2380",,,
"1713735083.485","17.73","74","2379","2363",,
"1713735083.49","17.69","75","2377","2362",,
"1713735083.496","17.68","76","2377","2365",,
"1713735083.502","17.64","77",,"2363",,
"1713735083.503",,,"2376",,,
"1713735083.507","17.6","78",,"2362",,
"1713735083.508",,,"2375",,,
"1713735083.513","17.58","79","2375","2366",,
"1713735083.518",,,,"2362",,
"1713735083.52","17.54","80","2374",,,
"1713735083.524","17.51",,,"2361",,
"1713735083.525",,"81","2372",,,
"1713735083.53","17.5","82","2372","2366",,
"1713735083.536","17.43",,,"2361",,
"1713735083.537",,"83",,,,
"1713735083.538",,,"2371",,,
"1713735083.541","17.4",,,"2359",,
"1713735083.542",,"84","2370",,,
"1713735083.547","17.4",,,"2366",,
"1713735083.548",,"85","2370",,,
"1713735083.553","17.33","86",,"2361",,
"1713735083.554",,,"2369",,,
"1713735083.558",,,,"2362",,
"1713735083.559","17.3","87","2367",,,
"1713735083.564","17.28","88","2368","2375",,
"1713735083.57","17.1","89",,"2361",,
"1713735083.571",,,"2367",,,
"1713735083.576",,,,"2359",,
"1713735083.577","17.06","90","2367",,,
"1713735083.581","17.07",,,"2367",,
"1713735083.582",,"91","2368",,,
"1713735083.587","16.98","92","2367","2362",,
"1713735083.594","16.93","93","2367","2352",,
"1713735083.598",,,,"2377",,
"1713735083.599","16.97","94","2368",,,
"1713735083.604","16.74","95",,"2362",,
"1713735083.605",,,"2368",,,
"1713735083.61",,,,"2361",,
"1713735083.612","16.69","96","2369",,,
"1713735083.616","16.72","97","2371","2366",,
"1713735083.621","16.63",,,"2331",,
"1713735083.622",,"98","2370",,,
"1713735083.627","16.56","99","2371","2297",,
"1713735083.633","15.79","100","2372","2303",,
"1713735083.638",,,,"2318",,
"1713735083.639","15.1","101","2371",,,
"1713735083.644",,,,"2336",,
"1713735083.645","14.75","102","2373",,,
"1713735083.651","14.73","103","2374","2362",,
"1713735083.655",,,,"2363",,
"1713735083.656","14.69","104","2373",,,
"1713735083.661","14.67",,,"2366",,
"1713735083.662",,"105","2374",,,
"1713735083.668","14.62","106","2374","2366",,
"1713735083.673","14.54","107","2374","2364",,
"1713735083.679",,,,"2367",,
"1713735083.68","14.51","108","2375",,,
"1713735083.684",,,,"2367",,
"1713735083.685","14.46",,,,,
"1713735083.686",,"109","2375",,,
"1713735083.69","14.4","110","2375","2367",,
"1713735083.695",,,,"2368",,
"1713735083.696","14.35","111","2376",,,
"1713735083.701","14.28",,,"2364",,
"1713735083.702",,"112","2376",,,
"1713735083.707","14.25","113","2376","2364",,
"1713735083.713","14.23","114","2377","2367",,
"1713735083.718",,,,"2360",,
"1713735083.719","14.17","115","2377",,,
"1713735083.724","14.16",,,"2350",,
"1713735083.725",,"116","2377",,,
"1713735083.73","14.21","117","2378","2362",,
"1713735083.736","14.2","118","2378","2346",,
"1713735083.742","14.24","119",,"2344",,
"1713735083.743",,,"2377",,,
"1713735083.747",,,,"2346",,
"1713735083.748","14.31","120","2378",,,
"1713735083.753","14.35","121","2378","2329",,
"1713735083.758",,,,"2328",,
"1713735083.759","14.22","122","2378",,,
"1713735083.764","14.23","123",,"2332",,
"1713735083.765",,,"2380",,,
"1713735083.77","14.14","124",,"2317",,
"1713735083.771",,,"2380",,,
"1713735083.775",,,,"2317",,
"1713735083.777","13.74","125","2380",,,
"1713735083.781","13.36",,,"2328",,
"1713735083.782",,"126","2381",,,
"1713735083.787","13.16",,,"2314",,
"1713735083.788",,"127","2380",,,
"1713735083.793","12.59",,,"2314",,
"1713735083.794",,"128","2381",,,
"1713735083.798",,,,"2319",,
"1713735083.799","12.02","129","2382",,,
"1713735083.804","11.52",,,"2315",,
"1713735083.805",,"130","2382",,,
"1713735083.81","10.83","131","2382","2317",,
"1713735083.816","10.34","132","2383","2328",,
"1713735083.84","10",,,"2327",,
"1713735083.841",,"133","2382",,,
"1713735083.844","9.61","134",,"2331",,
"1713735083.845","9.2",,,,,
"1713735083.846","10.48","0",,"2329",,
"1713735083.847",,"0","2375",,,
"1713735083.853",,,,"2331",,
"1713735083.854","11.39","1","2370","2334",,
"1713735083.855",,"2","2367",,,
"1713735083.857","11.22",,,"2334",,
"1713735083.858",,"3","2365",,,
"1713735083.863","11.02","4","2365","2335",,
"1713735083.868","10.86",,,"2345",,
"1713735083.869",,"5","2366",,,
"1713735083.874","10.96","6",,"2345",,
"1713735083.875",,,"2367",,,
"1713735083.878",,,,"2346",,
"1713735083.879","11.07","7","2369",,,
"1713735083.884","11.21",,,"2346",,
"1713735083.885",,"8","2369",,,
"1713735083.89",,,,"2347",,
"1713735083.891","11.29","9",,,,
"1713735083.892",,,"2370",,,
"1713735083.895",,,,"2350",,
"1713735083.896","11.42","10","2378",,,
"1713735083.901",,,,"2348",,
"1713735083.902","11.54","11","2384",,,
"1713735083.907","11.61",,,"2350",,
"1713735083.908",,"12","2388",,,
"1713735083.912",,,,"2351",,
"1713735083.913","11.61","13","2390",,,
"1713735083.918","11.59","14","2390","2350",,
"1713735083.924","11.57","15",,"2350",,
"1713735083.925",,,"2389",,,
"1713735083.93","11.54",,,"2363",,
"1713735083.931",,"16","2388",,,
"1713735083.935","11.56","17",,"2359",,
"1713735083.936",,,"2385",,,
"1713735083.941","11.61","18",,"2359",,
"1713735083.942",,,"2382",,,
"1713735083.947","11.64","19","2379","2366",,
"1713735083.953","11.73","20","2375","2352",,
"1713735083.958","12.01","21",,"2360",,
"1713735083.959",,,"2371",,,
"1713735083.964",,,,"2367",,
"1713735083.965","12.1","22","2368",,,
"1713735083.969",,,,"2362",,
"1713735083.97","12.42","23","2363",,,
"1713735083.975","12.76",,,"2361",,
"1713735083.976",,"24","2360",,,
"1713735083.981","12.97",,,"2374",,
"1713735083.982",,"25","2357",,,
"1713735083.987","13.21","26","2353","2363",,
"1713735083.992","13.73","27",,"2362",,
"1713735083.993",,,"2351",,,
"1713735083.998","13.9","28",,"2366",,
"1713735083.999",,,"2349",,,
"1713735084.004","14.14","29","2347","2361",,
"1713735084.009",,,,"2360",,
"1713735084.01","14.4","30","2346",,,
"1713735084.015","14.44","31","2346","2364",,
"1713735084.021","14.63",,,"2360",,
"1713735084.022",,"32","2346",,,
"1713735084.027","14.79","33","2347","2361",,
"1713735084.032",,,,"2364",,
"1713735084.033","14.8","34","2349",,,
"1713735084.039","14.93","35","2349","2359",,
"1713735084.044","15.06","36","2351","2360",,
"1713735084.049",,,,"2362",,
"1713735084.05","15.06","37","2352",,,
"1713735084.055",,,,"2351",,
"1713735084.056","15.14","38","2353",,,
"1713735084.061","15.17","39","2355","2360",,
"1713735084.067","15.16","40","2357","2359",,
"1713735084.072",,,,"2352",,
"1713735084.073","15.16","41","2358",,,
"1713735084.078","15.17","42","2361","2359",,
"1713735084.084","15.17","43","2363","2361",,
"1713735084.089",,,,"2350",,
"1713735084.09","15.15","44","2364",,,
"1713735084.096","15.16","45","2367","2359",,
"1713735084.101","15.18","46","2369","2348",,
"1713735084.107",,,,"2348",,
"1713735084.108","15.19","47","2371",,,
"1713735084.113","15.21","48","2373","2360",,
"1713735084.118","15.23","49","2375","2347",,
"1713735084.124","15.24","50","2376","2348",,
"1713735084.129",,,,"2360",,
"1713735084.13","15.28","51","2378",,,
"1713735084.135","15.3","52","2378","2349",,
"1713735084.141","15.32","53","2379","2347",,
"1713735084.147","15.46","54",,"2360",,
"1713735084.148",,,"2380",,,
"1713735084.153","15.47","55","2381","2347",,
"1713735084.158",,,,"2348",,
"1713735084.159","15.48","56","2381",,,
"1713735084.164","15.61","57",,"2362",,
"1713735084.165",,,"2383",,,
"1713735084.171","15.63","58","2383","2349",,
"1713735084.175",,,,"2350",,
"1713735084.176","15.65","59","2384",,,
"1713735084.181","15.82",,,"2365",,
"1713735084.182",,"60","2385",,,
"1713735084.188","15.82","61","2385","2349",,
"1713735084.193","15.84","62",,"2358",,
"1713735084.194",,,"2386",,,
"1713735084.198",,,,"2364",,
"1713735084.199","15.99","63","2387",,,
"1713735084.204",,,,"2359",,
"1713735084.205","16",,,,,
"1713735084.206",,"64","2386",,,
"1713735084.21","16.01","65","2386","2351",,
"1713735084.216","16.16","66","2387","2363",,
"1713735084.221","16.16","67",,"2350",,
"1713735084.222",,,"2386",,,
"1713735084.227","16.16","68","2386","2360",,
"1713735084.233","16.28","69","2386","2361",,
"1713735084.238",,,,"2351",,
"1713735084.239","16.29","70","2385",,,
"1713735084.244","16.28","71",,"2360",,
"1713735084.245",,,"2385",,,
"1713735084.25","16.31","72","2384","2362",,
"1713735084.255",,,,"2360",,
"1713735084.256","16.31","73","2382",,,
"1713735084.262","16.31","74","2382","2362",,
"1713735084.267","16.32","75","2382","2361",,
"1713735084.273","16.32","76","2380","2361",,
"1713735084.278",,,,"2362",,
"1713735084.28","16.32","77","2380",,,
"1713735084.284","16.32","78",,"2360",,
"1713735084.285",,,"2380",,,
"1713735084.29","16.32","79","2378","2359",,
"1713735084.295",,,,"2362",,
"1713735084.296","16.32",,,,,
"1713735084.297",,"80","2379",,,
"1713735084.301",,,,"2361",,
"1713735084.302","16.32","81","2378",,,
"1713735084.307","16.31","82","2378","2361",,
"1713735084.313","16.31","83","2378","2366",,
"1713735084.318","16.29",,,"2362",,
"1713735084.319",,"84","2378",,,
"1713735084.324","16.29",,,"2361",,
"1713735084.325",,"85","2378",,,
"1713735084.33","16.3","86","2379","2375",,
"1713735084.336",,,,"2363",,
"1713735084.337","16.2","87","2379",,,
"1713735084.341",,,,"2362",,
"1713735084.342","16.19","88","2378",,,
"1713735084.347","16.21","89","2379","2368",,
"1713735084.353",,,,"2362",,
"1713735084.354","16.18","90","2379",,,
"1713735084.358",,,,"2362",,
"1713735084.359","16.18","91","2378",,,
"1713735084.364","16.2",,,"2367",,
"1713735084.365",,"92","2379",,,
"1713735084.37","16.18",,,"2362",,
"1713735084.371",,"93","2379",,,
"1713735084.375",,,,"2361",,
"1713735084.376","16.17","94","2379",,,
"1713735084.381","16.19",,,"2376",,
"1713735084.382",,"95","2379",,,
"1713735084.387","16.08","96","2378","2364",,
"1713735084.393","16.06","97","2378","2365",,
"1713735084.398",,,,"2347",,
"1713735084.399","16.07","98","2379",,,
"1713735084.404",,,,"2300",,
"1713735084.405","16.05","99","2378",,,
"1713735084.411","15.04","100","2378","2303",,
"1713735084.415",,,,"2333",,
"1713735084.416","14.04","101","2377",,,
"1713735084.421","13.87",,,"2346",,
"1713735084.422",,"102","2375",,,
"1713735084.427",,,,"2362",,
"1713735084.428","14.02",,,,,
"1713735084.429",,"103","2373",,,
"1713735084.433","14.07","104","2372","2367",,
"1713735084.438",,,,"2376",,
"1713735084.439","14.33","105","2368",,,
"1713735084.444",,,,"2377",,
"1713735084.445","14.71","106",,,,
"1713735084.446",,,"2364",,,
"1713735084.45","14.83","107","2361","2378",,
"1713735084.455",,,,"2376",,
"1713735084.456","15.29","108","2356",,,
"1713735084.461","15.76",,,"2378",,
"1713735084.462",,"109","2351",,,
"1713735084.467",,,,"2377",,
"1713735084.468","16.53","110","2345",,,
"1713735084.473","17.88","111","2337","2375",,
"1713735084.478",,,,"2368",,
"1713735084.479","19.63","112",,,,
"1713735084.48",,,"2329",,,
"1713735084.484","21.37","113","2321","2364",,
"1713735084.49","23.47","114","2312","2364",,
"1713735084.496","25.39","115","2305","2364",,
"1713735084.502","27.05","116","2297","2352",,
"1713735084.507","28.26","117","2291","2348",,
"1713735084.513","29.02","118","2288","2350",,
"1713735084.518",,,,"2343",,
"1713735084.519","29.43",,,,,
"1713735084.52",,"119","2288",,,
"1713735084.524","29.61","120","2290","2332",,
"1713735084.53","29.6","121","2297","2344",,
"1713735084.536",,,,"2329",,
"1713735084.537","29.6","122","2306",,,
"1713735084.541","29.74",,,"2328",,
"1713735084.542",,"123","2318",,,
"1713735084.547","30.35","124","2335","2334",,
"1713735084.553","31.29",,,"2327",,
"1713735084.554",,"125","2352",,,
"1713735084.558",,,,"2319",,
"1713735084.559","32.64","126","2372",,,
"1713735084.564","34.82","127",,"2334",,
"1713735084.565",,,"2394",,,
"1713735084.57","37.43","128",,"2328",,
"1713735084.571",,,"2414",,,
"1713735084.575",,,,"2328",,
"1713735084.576","39.99","129","2434",,,
"1713735084.581","43.21",,,"2344",,
"1713735084.582",,"130","2454",,,
"1713735084.587","45.76","131","2470","2330",,
"1713735084.593",,,,"2333",,
"1713735084.594","47.94","132","2485",,,
"1713735084.598",,,,"2345",,
"1713735084.599","49.98","133","2496",,,
"1713735084.604",,,,"2333",,
"1713735084.605","51.23","134","2501",,,
"1713735084.61",,,,"2334",,
"1713735084.611","51.81","135","2503",,,
"1713735084.615",,,,"2347",,
"1713735084.616","52.29","136","2500",,,
"1713735084.626",,,,"2336",,
"1713735084.627","52.46","137","2493",,,
"1713735084.629","52.46","138","2483","2344",,
"1713735084.633","52.49","139","2472","2349",,
"1713735084.638",,,,"2348",,
"1713735084.639","52.48","140","2458",,,
"1713735084.644","52.47","141","2446","2350",,
"1713735084.65","52.55","142","2436","2359",,
"1713735084.655",,,,"2352",,
"1713735084.656","52.75","143","2429",,,
"1713735084.661","53.27",,,"2361",,
"1713735084.662",,"144",,,,
"1713735084.663",,,"2428",,,
"1713735084.667","54.59","145",,"2362",,
"1713735084.668",,,"2433",,,
"1713735084.673","56.35","146","2442","2361",,
"1713735084.678",,,,"2364",,
"1713735084.679","58.87","147","2457",,,
"1713735084.685","62.52","148","2476","2363",,
"1713735084.69","66.47","149","2497","2363",,
"1713735084.695","70.58",,,"2367",,
"1713735084.696",,"150",,,,
"1713735084.701","73.96","0",,"2363",,
"1713735084.707","75.98","0",,"2364",,
"1713735084.712",,,,"2376",,
"1713735084.713","77.5","0",,,,
"1713735084.718","78.7","0",,"2363",,
"1713735084.724","79.6","0",,"2365",,
"1713735084.73",,,,"2376",,
"1713735084.731","80.68","0",,,,
"1713735084.735",,,,"2365",,
"1713735084.736","81.81","0",,,,
"1713735084.741","83.05","0",,"2365",,
"1713735084.747","84.6","0",,"2379",,
"1713735084.752",,,,"2366",,
"1713735084.753","86.12","0",,,,
"1713735084.758","87.74",,,"2365",,
"1713735084.759",,"0",,,,
"1713735084.764","89.6","0",,"2378",,
"1713735084.769",,,,"2365",,
"1713735084.77","91.39","0",,,,
"1713735084.775","93.07",,,"2364",,
"1713735084.776",,"0",,,,
"1713735084.782","94.97","0",,"2378",,
"1713735084.787","96.59","0",,"2364",,
"1713735084.792",,,,"2363",,
"1713735084.793","98.05","0",,,,
